s_no,state,domestic_2019,foreign_2019,domestic_2020,foreign_2020,growth_domestic,growth_foreign,total_2019,foreign_share,domestic_norm,foreign_share_norm,gap_potential,monument_domestic_2019,monument_foreign_2019,monument_domestic_2020,monument_foreign_2020,resilience_domestic,resilience_norm,monument_domestic_norm,medical_potential,niche_potential,overall_potential
1,A&N Island,505398,16206,191207,5412,-62.17,-66.6,521604,3.1069547012676284,0.0009301384634551066,0.11771241846055543,0.000820649615418621,0.0,0.0,,,37.83,0.5680773498177207,0.0,0.4354815347925316,0.2745950093012106,0.3550382720468711
2,Andhra Pradesh,237051508,280356,70828590,67591,-70.12,-75.89,237331864,0.118128259423269,0.44237254725231623,0.003021859549734293,0.4410357595458615,0.0,0.0,,,29.879999999999995,0.4420668885718814,0.0,0.6086625276075707,0.37065658002358925,0.48965955381557996
3,Arunachal Pradesh,555639,7825,42871,961,-92.28,-87.72,563464,1.3887311345534055,0.0010238982300391404,0.05177884050458901,0.0009708819668930127,0.0,0.0,,,7.719999999999999,0.09082263433190686,0.0,0.312122697440211,0.16519480706479814,0.23865875225250455
4,Assam,5447805,26878,1266898,7285,-76.74,-72.9,5474683,0.49095080025638016,0.010153659625121762,0.017328219057285987,0.009977714786904531,0.0,0.0,,,23.260000000000005,0.3371374227294343,0.0,0.4000042249516932,0.23422353773004612,0.31711388134086965
5,Bihar,33990038,1093141,5638024,308080,-83.41,-71.82,35083179,3.1158550369680014,0.06341918188517043,0.1180539520008368,0.05593229683096618,0.0,0.0,,,16.590000000000003,0.2314154382627993,0.0,0.35937611863265684,0.2060005622368669,0.2826883404347619
6,Chandigarh,1563795,44132,417953,12218,-73.27,-72.31,1607927,2.744651964921293,0.0029053192057421147,0.10380973654342157,0.002603718784419483,0.0,0.0,,,26.730000000000004,0.3921382152480585,0.0,0.38766067129368786,0.23318942313193688,0.3104250472128124
7,Chhattisgarh,17304506,6817,2810227,2322,-83.76,-65.94,17311323,0.03937885047838342,0.03228063795391059,0.0,0.03228063795391059,0.0,0.0,,,16.239999999999995,0.22586780789348548,0.0,0.38067259754960986,0.214537111461849,0.29760485450572943
8,Dadra & Nagar Haveli,618330,1666,104959,222,-83.03,-86.67,619996,0.2687114110413616,0.0011408921896920068,0.008800203042632,0.001130852106772964,0.0,0.0,,,16.97,0.2374385798066255,0.0,0.3690478699050749,0.2083248375426846,0.28868635372387974
9,Daman & Diu,897804,5703,297436,1382,-66.87,-75.77,903507,0.631207063143949,0.0016624466373802741,0.022710287736855038,0.001624691995898201,0.0,0.0,,,33.129999999999995,0.49358059914407987,0.0,0.4419260720771196,0.2704042182848368,0.3561651451809782
10,Delhi,36467598,2983436,9583671,681230,-73.7,-77.2,39451034,7.562377199036153,0.06804280496787059,0.2886808257587696,0.048400151842802795,6158331.0,581350.0,1347436.0,8832.0,26.299999999999997,0.38532255508004437,0.6715828732670838,0.3562096407835306,0.4550932217916426,0.40565143128758663
11,Goa,7127287,937113,3258715,302751,-54.28,-67.69,8064400,11.62036853330688,0.013287909347501615,0.44439856422188995,0.0073827815119612665,0.0,0.0,,,45.72,0.6931367887145348,0.0,0.3799366310867941,0.25994638988222557,0.3199415104845098
12,Gujarat,58864661,595607,19464517,210047,-66.93,-64.73,59460268,1.0016890606682096,0.10984020945918045,0.03692683332396998,0.10578415835221135,0.0,0.0,,,33.06999999999999,0.49262957679505465,0.0,0.4806469068249976,0.2950784215649633,0.38786266419498044
13,Haryana,4549017,48046,2114731,17474,-53.51,-63.63,4597063,1.0451455635913627,0.008476341237977188,0.0385943943903431,0.008149201981251568,0.0,0.0,,,46.49,0.7053415755270249,0.0,0.5034146908361954,0.32266532003269904,0.4130400054344472
14,Himachal Pradesh,16829231,382876,3170714,42665,-81.16,-88.86,17212107,2.2244574705467492,0.03139367963175883,0.08384825719257233,0.028761374307773896,0.0,0.0,,,18.840000000000003,0.2670787763512444,0.0,0.36752662760030513,0.21204087541686495,0.28978375150858504
15,Jharkhand,35580768,176043,2574704,490,-92.76,-99.72,35756811,0.4923341737606298,0.06638780260327358,0.017381303397735984,0.06523389606431707,0.0,0.0,,,7.239999999999995,0.08321445553970518,0.0,0.34630506668390015,0.1847933690260843,0.2655492178549922
16,J&K,16163330,57920,2519524,5317,-84.41,-90.82,16221250,0.3570624951837867,0.030150975021419172,0.012190508708697633,0.029783419297844838,0.0,0.0,,,15.590000000000003,0.21556506577904594,0.0,0.37307275712967214,0.2096004338938116,0.29133659551174185
17,Karnataka,227934714,608754,77453339,165325,-66.02,-72.84,228543468,0.2663624584536365,0.4253587840422941,0.008710066432031429,0.4216538807758376,0.0,0.0,,,33.980000000000004,0.5070534157552704,0.0,0.6196465184138893,0.3817965399845864,0.5007215291992378
18,Kerala,18384233,1189771,4988972,340755,-72.86,-71.36,19574004,6.078322043870023,0.03429562474745528,0.23173301747604558,0.026348196138501326,0.0,0.0,,,27.14,0.3986368679663973,0.0,0.3637894050460876,0.2234731705570563,0.29363128780157194
19,Lakshdweep,6985,820,3462,413,-50.44,-49.63,7805,10.506085842408712,0.0,0.4016400745302294,0.0,0.0,0.0,,,49.56,0.7540022190521478,0.0,0.4057086433565755,0.27825454358350254,0.34198159347003904
20,Ladakh,241285,38652,6743,1126,-97.21,-97.09,279937,13.807392377570668,0.00043725071775321166,0.5283214657119887,0.0002062417776662158,56639.0,5671.0,2047.0,6.0,2.7900000000000063,0.012680297987002874,0.006176638176638176,0.14548254996960555,0.07619299068121409,0.11083777032540981
21,Madhya Pradesh,88707139,327958,23519632,99819,-73.49,-69.56,89035097,0.3683468778609855,0.16553224925872986,0.01262352554035176,0.16344264868246042,1953517.0,61743.0,802675.0,792.0,26.510000000000005,0.38865113330163276,0.21303638272059325,0.4790211820318762,0.3612150507612455,0.4201181163965608
22,Maharashtra,149294703,5528704,39234591,1262409,-73.72,-77.2,154823407,3.5709742519747034,0.27860077612991485,0.13551829064873847,0.24084527517537693,7531753.0,129849.0,1271471.0,924.0,26.28,0.38500554763036937,0.821358306410938,0.4862864875464552,0.5830492445865886,0.5346678660665218
23,Manipur,167560,13608,49669,3139,-70.36,-76.93,181168,7.511260266713768,0.00029966510458054617,0.28671931021013064,0.00021374533250116532,0.0,0.0,,,29.64,0.4382627991757807,0.0,0.3455829127315272,0.21663271953857072,0.281107816135049
24,Meghalaya,1245633,25813,24734,2311,-98.01,-91.05,1271446,2.030208125236935,0.002311565202917542,0.07639430614685823,0.002134974783127435,0.0,0.0,,,1.9899999999999949,0.0,0.0,0.2780063342371095,0.13911874537870064,0.20856253980790507
25,Mizoram,163762,2249,30890,265,-81.14,-88.22,166011,1.3547295058761166,0.0002925772760443673,0.05047409234582003,0.00027780970359501543,0.0,0.0,,,18.86,0.2673957838009194,0.0,0.36519353834694757,0.20935097641736794,0.2872722573821578
26,Nagaland,125949,5577,10979,518,-91.28,-90.71,131526,4.240226267049861,0.00022201064612374337,0.16119957029299828,0.00018622262536812504,0.0,0.0,,,8.719999999999999,0.10667300681566022,0.0,0.28373083521524806,0.15254381882149626,0.21813732701837216
27,Odisha,15307637,115128,4622273,10206,-69.8,-91.14,15422765,0.7464809325694841,0.028554080533897196,0.027133704341825,0.027779302554937768,0.0,0.0,,,30.200000000000003,0.44713900776668264,0.0,0.4374232232410161,0.2648532164238712,0.35113821983244364
28,Puducherry,1713248,149919,1114942,92080,-34.92,-38.58,1863167,8.04646067690121,0.00318422843118117,0.3072566131844112,0.002205853187810933,0.0,0.0,,,65.08,1.0,0.0,0.5090967074171491,0.3547075651301336,0.4319021362736413
29,Punjab,47385387,1101343,16692197,359114,-64.77,-67.39,48486730,2.2714317917500315,0.08841758549082458,0.08565080787863234,0.08084454786285741,0.0,0.0,,,35.230000000000004,0.5268663813599621,0.0,0.4677317062407287,0.2909733705309018,0.37935253838581523
30,Rajasthan,52220431,1605560,15117239,446457,-71.05,-72.19,53825991,2.9828712303689864,0.09744074579542705,0.11295095006957785,0.08643472098234534,0.0,0.0,,,28.950000000000003,0.4273260421619909,0.0,0.43328882594589474,0.2642490544789178,0.34876894021240623
31,Sikkim,1421823,133388,316408,19935,-77.75,-85.05,1555211,8.576842627784911,0.00264037102434707,0.3276090169009436,0.001775361668806989,0.0,0.0,,,22.25,0.3211285465208433,0.0,0.29911200729570875,0.18180087685115606,0.24045644207343242
32,Tamil Nadu,494865257,6866327,140651241,1228323,-71.58,-82.11,501731584,1.368525964671979,0.9235046291852925,0.05100350534489372,0.8764026558946063,0.0,0.0,,,28.42,0.4189253447456016,0.0,0.7797784034943295,0.4779569676809895,0.6288676855876595
33,Telengana,83035894,323326,39997001,46694,-51.83,-85.56,83359220,0.38787071184207333,0.15494857044181004,0.013372715724172292,0.15287648725742484,2875042.0,28652.0,888983.0,1148.0,48.17,0.7319702012997306,0.31353120953120955,0.5775586738493914,0.4794597089126826,0.528509191381037
34,Tripura,437201,154405,127815,31877,-70.77,-79.35,591606,26.0992958151202,0.0008028692052450521,1.0,0.0,0.0,0.0,,,29.230000000000004,0.4317641464574419,0.0,0.12985039161933057,0.10814175391567173,0.11899607276750115
35,Uttar Pradesh,535855162,4745181,86122293,890932,-83.93,-81.22,540600343,0.8777613742653508,1.0,0.03217134286822508,0.9678286571317749,9169875.0,1522590.0,2701057.0,14892.0,16.069999999999993,0.22317324457124738,1.0,0.7573005705109066,0.8009676097125781,0.7791340901117423
36,Uttarakhand,37585920,152273,7005264,41339,-81.36,-72.85,37738193,0.4034983868994469,0.07012981775992867,0.013972398182047244,0.06914993602175254,0.0,0.0,,,18.64,0.26390870185449367,0.0,0.4030328182057054,0.2314137701762985,0.3172232941910019
37,West Bengal,92366025,1656145,28841732,463285,-68.77,-72.03,94022170,1.761440945257911,0.17236046321381812,0.06608087420677614,0.16097073312596413,0.0,0.0,,,31.230000000000004,0.4634648914249486,0.0,0.488159390450979,0.2990442075286753,0.39360179898982717
